name,age,gender,company
Jack Black,23,Male,Company C
John Doe,64,Female,Company A
Jim Brown,66,Female,Company H
Jane Smith,40,Male,Company I
Jane Smith,35,Male,Company J
Jane Smith,68,Male,Company B
John Doe,26,Female,Company G
Jane Smith,42,Male,Company A
Jill White,24,Female,Company E
John Doe,51,Male,Company G
Jim Brown,47,Female,Company B
Jack Black,44,Male,Company E
Jane Smith,60,Female,Company I
Jane Smith,65,Female,Company I
Jill White,31,Female,Company I
Jill White,63,Female,Company B
Jane Smith,30,Female,Company H
John Doe,60,Male,Company B
John Doe,35,Female,Company I
John Doe,55,Female,Company G
Jim Brown,30,Female,Company J
Jack Black,58,Male,Company G
Jill White,53,Male,Company I
Jim Brown,69,Female,Company I
Jill White,43,Female,Company H
Jack Black,41,Male,Company H
Jill White,26,Female,Company F
Jack Black,59,Female,Company C
John Doe,44,Male,Company A
Jane Smith,64,Female,Company J
Jim Brown,30,Male,Company I
John Doe,22,Male,Company H
Jim Brown,44,Male,Company F
Jill White,63,Male,Company C
John Doe,49,Male,Company F
Jill White,25,Male,Company I
Jim Brown,48,Male,Company D
John Doe,54,Female,Company H
Jim Brown,62,Male,Company A
Jill White,27,Male,Company C
Jim Brown,56,Male,Company B
Jim Brown,57,Female,Company D
Jim Brown,50,Male,Company D
Jill White,44,Female,Company B
Jim Brown,34,Male,Company H
Jill White,42,Male,Company C
Jack Black,33,Male,Company A
John Doe,27,Male,Company E
Jill White,36,Male,Company I
John Doe,42,Female,Company C
Jane Smith,58,Female,Company F
John Doe,28,Male,Company B
John Doe,41,Male,Company H
Jill White,40,Male,Company A
Jack Black,54,Female,Company C
Jim Brown,29,Male,Company H
Jill White,22,Male,Company B
Jim Brown,35,Male,Company C
Jill White,64,Male,Company J
Jim Brown,54,Female,Company E
Jim Brown,21,Female,Company A
Jack Black,58,Female,Company J
Jill White,39,Male,Company H
John Doe,29,Male,Company E
Jim Brown,70,Male,Company G
Jill White,51,Male,Company F
Jim Brown,48,Male,Company I
Jack Black,61,Male,Company J
John Doe,49,Male,Company G
Jill White,50,Female,Company C
Jill White,63,Female,Company J
Jim Brown,69,Female,Company H
Jim Brown,27,Female,Company E
Jim Brown,32,Male,Company I
Jill White,44,Male,Company D
Jack Black,31,Male,Company B
Jane Smith,67,Male,Company A
Jill White,30,Male,Company B
Jim Brown,25,Female,Company A
Jane Smith,50,Male,Company F
Jack Black,43,Female,Company F
Jack Black,47,Male,Company J
Jill White,35,Male,Company G
Jill White,25,Male,Company A
Jack Black,34,Female,Company C
Jim Brown,40,Male,Company B
Jane Smith,66,Male,Company H
Jim Brown,58,Female,Company D
John Doe,26,Female,Company D
Jack Black,66,Male,Company A
Jane Smith,54,Female,Company C
Jane Smith,41,Female,Company A
Jim Brown,50,Male,Company J
Jack Black,56,Female,Company D
Jill White,30,Female,Company B
John Doe,37,Male,Company H
Jane Smith,26,Female,Company A
Jane Smith,41,Male,Company E
John Doe,20,Female,Company I
Jane Smith,64,Female,Company G
Jane Smith,56,Female,Company D
Jane Smith,66,Male,Company F
Jack Black,28,Male,Company B
Jane Smith,55,Male,Company C
John Doe,36,Female,Company J
John Doe,38,Male,Company D
Jim Brown,32,Female,Company H
Jane Smith,36,Female,Company F
Jim Brown,36,Female,Company E
Jack Black,22,Male,Company J
Jill White,41,Male,Company D
Jack Black,38,Female,Company D
Jack Black,42,Male,Company D
Jane Smith,52,Male,Company A
John Doe,67,Female,Company G
John Doe,52,Male,Company H
Jim Brown,46,Female,Company E
John Doe,35,Female,Company G
Jill White,34,Male,Company H
Jack Black,58,Female,Company J
Jill White,31,Male,Company J
Jack Black,38,Male,Company J
Jill White,24,Female,Company G
Jack Black,23,Female,Company D
Jim Brown,28,Female,Company D
Jack Black,33,Female,Company I
Jane Smith,20,Female,Company D
Jim Brown,38,Female,Company B
Jane Smith,28,Female,Company F
Jack Black,56,Female,Company E
Jack Black,22,Female,Company F
John Doe,63,Male,Company A
Jim Brown,40,Female,Company D
John Doe,56,Female,Company C
John Doe,48,Female,Company G
Jane Smith,26,Female,Company J
Jack Black,47,Male,Company H
John Doe,30,Male,Company A
Jill White,47,Female,Company D
John Doe,60,Male,Company E
John Doe,52,Female,Company I
John Doe,27,Female,Company J
Jane Smith,50,Male,Company J
Jane Smith,60,Male,Company J
John Doe,21,Male,Company G
Jack Black,39,Male,Company G
John Doe,30,Female,Company C
Jim Brown,43,Female,Company F
Jill White,63,Male,Company G
Jack Black,33,Male,Company F
Jill White,21,Female,Company F
Jim Brown,24,Female,Company F
Jim Brown,54,Female,Company D
Jack Black,30,Male,Company D
Jim Brown,30,Male,Company C
Jane Smith,57,Male,Company B
Jim Brown,38,Male,Company E
Jane Smith,27,Male,Company B
John Doe,62,Female,Company H
Jill White,37,Female,Company B
Jack Black,40,Female,Company G
Jill White,63,Male,Company H
John Doe,40,Female,Company D
Jill White,49,Female,Company B
Jill White,52,Male,Company H
Jim Brown,39,Male,Company F
Jack Black,41,Female,Company A
Jane Smith,20,Male,Company I
Jill White,42,Female,Company D
John Doe,33,Male,Company C
Jim Brown,39,Female,Company G
Jim Brown,69,Male,Company H
Jack Black,36,Female,Company B
Jack Black,42,Female,Company F
Jane Smith,23,Female,Company B
John Doe,63,Male,Company A
Jane Smith,37,Female,Company H
Jane Smith,21,Male,Company A
John Doe,63,Male,Company A
Jack Black,67,Female,Company G
Jane Smith,41,Female,Company J
Jill White,25,Female,Company D
Jack Black,56,Male,Company F
Jack Black,57,Male,Company H
Jane Smith,31,Female,Company G
Jack Black,27,Male,Company H
John Doe,26,Male,Company J
Jane Smith,68,Female,Company C
Jill White,23,Female,Company D
Jill White,31,Male,Company D
Jim Brown,37,Female,Company C
Jill White,43,Male,Company D
Jill White,30,Male,Company H
Jane Smith,59,Male,Company A
Jack Black,54,Female,Company D
Jim Brown,61,Male,Company B
John Doe,45,Male,Company E
Jim Brown,66,Male,Company H
Jack Black,46,Male,Company E
Jack Black,37,Female,Company D
Jane Smith,46,Male,Company I
Jane Smith,55,Female,Company C
Jill White,59,Female,Company A
Jim Brown,22,Female,Company I
Jill White,61,Male,Company G
John Doe,55,Female,Company I
Jack Black,30,Female,Company G
John Doe,56,Male,Company A
Jane Smith,34,Male,Company J
Jane Smith,59,Female,Company C
Jane Smith,42,Male,Company E
Jim Brown,46,Male,Company H
Jane Smith,64,Female,Company B
Jim Brown,37,Female,Company I
Jim Brown,34,Female,Company I
Jill White,57,Female,Company J
Jill White,28,Female,Company F
Jane Smith,30,Male,Company E
John Doe,62,Female,Company E
Jim Brown,61,Male,Company G
Jane Smith,51,Female,Company C
Jane Smith,36,Female,Company G
John Doe,43,Male,Company F
Jim Brown,37,Female,Company D
Jane Smith,61,Female,Company C
Jane Smith,68,Female,Company G
Jill White,23,Male,Company D
Jim Brown,34,Male,Company I
Jack Black,47,Male,Company D
Jim Brown,62,Female,Company H
Jane Smith,35,Male,Company G
Jack Black,59,Female,Company J
Jim Brown,64,Female,Company A
John Doe,57,Male,Company J
Jane Smith,36,Male,Company C
Jack Black,36,Male,Company C
Jack Black,20,Male,Company I
Jill White,25,Female,Company B
Jill White,67,Male,Company E
Jane Smith,55,Male,Company D
John Doe,36,Female,Company C
Jack Black,39,Male,Company J
Jim Brown,47,Female,Company A
Jill White,33,Female,Company J
John Doe,25,Male,Company B
Jack Black,60,Female,Company G
Jim Brown,53,Male,Company E
Jack Black,65,Male,Company D
Jack Black,70,Female,Company E
Jim Brown,51,Male,Company B
Jim Brown,40,Male,Company C
John Doe,27,Male,Company D
John Doe,68,Female,Company D
Jack Black,65,Female,Company I
Jill White,29,Female,Company I
Jim Brown,47,Female,Company G
John Doe,51,Female,Company F
Jim Brown,65,Female,Company G
Jack Black,32,Male,Company D
Jill White,53,Male,Company G
John Doe,59,Female,Company B
John Doe,26,Male,Company E
Jill White,26,Female,Company H
Jack Black,44,Female,Company E
Jill White,51,Female,Company I
Jim Brown,64,Male,Company J
John Doe,29,Female,Company F
Jack Black,43,Female,Company J
Jane Smith,50,Female,Company G
Jane Smith,52,Male,Company I
Jane Smith,54,Female,Company E
Jill White,27,Male,Company G
Jill White,51,Female,Company G
Jim Brown,25,Female,Company F
Jack Black,21,Female,Company C
Jill White,33,Male,Company H
Jack Black,54,Male,Company C
Jim Brown,37,Male,Company C
Jim Brown,44,Male,Company C
Jack Black,58,Female,Company G
Jim Brown,52,Male,Company F
Jim Brown,65,Female,Company E
John Doe,33,Male,Company H
Jane Smith,36,Male,Company J
Jack Black,55,Male,Company G
Jack Black,25,Male,Company A
Jane Smith,44,Female,Company B
Jack Black,43,Male,Company J
Jill White,29,Female,Company E
John Doe,26,Male,Company F
John Doe,47,Male,Company A
Jane Smith,68,Male,Company H
Jill White,57,Female,Company A
Jane Smith,66,Female,Company F
Jill White,36,Female,Company G
John Doe,24,Female,Company J
Jim Brown,22,Male,Company B
Jim Brown,66,Female,Company A
Jill White,34,Male,Company A
Jane Smith,24,Female,Company C
John Doe,39,Male,Company I
Jim Brown,28,Female,Company F
Jim Brown,44,Female,Company J
Jane Smith,51,Male,Company I
Jim Brown,28,Female,Company I
John Doe,44,Male,Company H
Jim Brown,36,Male,Company C
Jill White,45,Male,Company J
Jack Black,22,Male,Company B
Jim Brown,30,Female,Company F
Jack Black,30,Female,Company B
Jack Black,33,Male,Company A
Jane Smith,23,Female,Company A
Jill White,26,Female,Company C
Jill White,49,Female,Company D
Jane Smith,32,Female,Company B
Jill White,62,Male,Company F
Jill White,31,Male,Company C
Jack Black,54,Female,Company I
John Doe,51,Male,Company E
Jill White,44,Female,Company G
Jim Brown,39,Female,Company E
Jane Smith,56,Male,Company C
Jill White,20,Male,Company F
Jim Brown,50,Male,Company J
Jack Black,35,Female,Company C
Jim Brown,52,Female,Company F
Jim Brown,26,Male,Company D
John Doe,24,Male,Company B
Jim Brown,58,Male,Company F
Jim Brown,42,Male,Company E
John Doe,33,Male,Company A
Jane Smith,65,Male,Company B
Jim Brown,41,Male,Company D
Jill White,69,Male,Company A
Jack Black,68,Female,Company E
John Doe,25,Female,Company D
Jack Black,64,Male,Company B
Jack Black,59,Female,Company G
Jill White,24,Male,Company I
Jill White,41,Male,Company A
Jill White,51,Female,Company B
Jim Brown,61,Male,Company F
Jill White,27,Male,Company B
John Doe,56,Male,Company H
Jack Black,29,Male,Company E
Jack Black,47,Female,Company F
Jill White,52,Male,Company G
Jack Black,42,Male,Company F
Jane Smith,40,Male,Company C
Jim Brown,38,Male,Company E
John Doe,69,Male,Company D
Jane Smith,63,Female,Company I
Jane Smith,64,Female,Company A
Jill White,41,Male,Company A
Jack Black,45,Female,Company I
Jane Smith,23,Male,Company F
John Doe,34,Female,Company J
Jane Smith,50,Female,Company I
Jack Black,31,Male,Company J
Jack Black,25,Male,Company C
Jane Smith,36,Female,Company B
John Doe,64,Female,Company D
Jill White,40,Female,Company I
Jack Black,67,Male,Company A
Jill White,60,Male,Company J
Jim Brown,50,Male,Company J
Jack Black,43,Male,Company B
John Doe,37,Male,Company J
John Doe,21,Female,Company E
Jane Smith,42,Male,Company J
Jack Black,20,Male,Company C
Jim Brown,57,Male,Company C
Jim Brown,31,Female,Company G
Jack Black,54,Male,Company E
Jane Smith,55,Female,Company J
Jim Brown,58,Male,Company E
John Doe,50,Male,Company I
John Doe,45,Female,Company B
Jane Smith,37,Female,Company F
Jill White,47,Female,Company A
Jane Smith,26,Male,Company A
Jim Brown,42,Female,Company E
Jill White,42,Female,Company D
Jill White,22,Female,Company D
Jane Smith,21,Male,Company H
Jill White,32,Male,Company B
Jane Smith,21,Female,Company D
Jim Brown,39,Female,Company C
Jim Brown,48,Male,Company B
Jim Brown,42,Male,Company D
Jane Smith,57,Female,Company H
Jill White,28,Female,Company I
Jane Smith,34,Male,Company F
Jane Smith,26,Male,Company G
Jim Brown,21,Male,Company E
Jack Black,42,Female,Company J
Jim Brown,46,Female,Company H
John Doe,20,Female,Company J
Jane Smith,28,Male,Company F
Jill White,45,Female,Company H
Jim Brown,65,Female,Company H
Jim Brown,64,Female,Company D
Jane Smith,50,Female,Company A
John Doe,57,Male,Company A
Jack Black,25,Female,Company A
John Doe,34,Female,Company B
Jane Smith,32,Female,Company G
Jack Black,24,Female,Company C
Jack Black,63,Female,Company J
Jane Smith,40,Female,Company J
Jack Black,28,Female,Company J
John Doe,28,Male,Company F
Jim Brown,67,Female,Company B
Jim Brown,28,Female,Company J
Jack Black,69,Male,Company I
Jane Smith,32,Male,Company B
Jill White,20,Female,Company C
Jack Black,63,Male,Company I
Jim Brown,22,Female,Company F
Jane Smith,55,Male,Company E
Jim Brown,37,Male,Company H
Jack Black,28,Female,Company F
Jane Smith,55,Female,Company B
Jack Black,65,Female,Company H
Jack Black,70,Female,Company B
Jack Black,67,Male,Company J
Jill White,38,Male,Company H
Jane Smith,55,Female,Company A
Jill White,29,Female,Company I
John Doe,52,Female,Company I
John Doe,24,Male,Company I
Jill White,37,Male,Company C
Jack Black,25,Female,Company I
Jill White,44,Female,Company C
Jack Black,26,Male,Company A
Jill White,57,Female,Company E
John Doe,59,Female,Company I
Jack Black,40,Female,Company H
John Doe,61,Female,Company C
John Doe,26,Male,Company A
Jane Smith,60,Male,Company F
Jill White,64,Male,Company G
Jane Smith,36,Male,Company F
Jill White,70,Female,Company G
Jack Black,34,Female,Company J
John Doe,59,Male,Company F
John Doe,49,Male,Company G
Jim Brown,56,Male,Company F
Jim Brown,20,Female,Company D
Jack Black,56,Male,Company B
Jane Smith,36,Male,Company C
John Doe,68,Male,Company H
Jane Smith,58,Female,Company A
Jill White,67,Male,Company J
Jack Black,64,Female,Company D
Jim Brown,39,Male,Company J
Jim Brown,38,Male,Company H
Jill White,29,Female,Company C
John Doe,41,Female,Company D
Jane Smith,35,Female,Company C
Jane Smith,53,Male,Company A
Jill White,47,Male,Company A
Jane Smith,32,Female,Company C
Jack Black,33,Female,Company E
Jane Smith,26,Male,Company I
Jill White,66,Female,Company J
Jane Smith,34,Female,Company C
Jill White,28,Male,Company G
Jane Smith,61,Female,Company C
Jane Smith,46,Female,Company D
Jim Brown,54,Male,Company C
Jill White,20,Female,Company B
Jack Black,68,Female,Company B
Jill White,64,Male,Company D
Jim Brown,44,Male,Company J
Jack Black,33,Female,Company I
John Doe,67,Male,Company A
Jane Smith,32,Male,Company I
Jane Smith,43,Female,Company G
Jane Smith,68,Female,Company B
John Doe,22,Male,Company F
Jane Smith,61,Female,Company D
Jane Smith,45,Female,Company B
John Doe,54,Female,Company J
Jack Black,32,Female,Company J
Jim Brown,26,Male,Company H
Jack Black,30,Female,Company D
Jane Smith,44,Female,Company F
Jack Black,34,Male,Company J
Jane Smith,31,Male,Company G
Jill White,58,Male,Company E
Jill White,63,Male,Company A
Jack Black,44,Male,Company I
Jack Black,21,Female,Company E
Jim Brown,56,Male,Company H
John Doe,20,Female,Company G
Jane Smith,45,Female,Company I
Jill White,38,Male,Company I
Jane Smith,58,Female,Company A
John Doe,68,Male,Company C
Jill White,48,Female,Company C
Jane Smith,59,Male,Company F
Jack Black,40,Female,Company G
Jim Brown,38,Male,Company I
John Doe,57,Female,Company I
Jill White,40,Female,Company C
Jill White,67,Male,Company F
Jim Brown,47,Female,Company A
Jack Black,65,Male,Company J
Jane Smith,27,Female,Company E
Jack Black,36,Female,Company B
John Doe,22,Male,Company I
John Doe,56,Male,Company C
Jill White,48,Male,Company A
Jane Smith,21,Female,Company H
Jack Black,67,Female,Company B
Jill White,65,Female,Company A
John Doe,23,Male,Company C
Jill White,32,Female,Company F
Jack Black,34,Female,Company C
Jim Brown,37,Female,Company J
Jill White,63,Male,Company B
Jim Brown,57,Male,Company B
Jill White,33,Male,Company F
Jill White,57,Male,Company G
Jack Black,70,Female,Company B
Jill White,35,Male,Company H
John Doe,69,Male,Company A
Jane Smith,51,Female,Company F
John Doe,43,Male,Company C
Jim Brown,21,Female,Company H
Jane Smith,46,Female,Company H
Jim Brown,60,Male,Company E
Jack Black,25,Male,Company D
Jill White,45,Male,Company D
Jim Brown,58,Female,Company J
Jill White,54,Male,Company G
Jack Black,57,Female,Company F
Jack Black,30,Female,Company D
Jane Smith,48,Female,Company A
Jill White,27,Female,Company H
Jill White,62,Male,Company E
Jane Smith,66,Female,Company E
John Doe,39,Female,Company H
Jack Black,56,Female,Company E
John Doe,68,Female,Company J
Jim Brown,21,Male,Company E
Jack Black,57,Female,Company A
Jim Brown,70,Female,Company B
Jim Brown,29,Male,Company I
John Doe,55,Female,Company D
Jane Smith,28,Female,Company F
Jim Brown,67,Male,Company D
Jane Smith,50,Female,Company J
Jane Smith,50,Male,Company J
Jill White,52,Male,Company F
Jim Brown,31,Male,Company H
Jack Black,31,Female,Company G
Jane Smith,48,Female,Company B
Jim Brown,40,Female,Company J
John Doe,30,Female,Company J
Jill White,68,Female,Company E
John Doe,33,Female,Company A
Jane Smith,51,Female,Company E
Jill White,49,Female,Company A
John Doe,28,Male,Company H
Jane Smith,52,Male,Company F
John Doe,21,Female,Company D
Jill White,28,Male,Company D
Jack Black,57,Male,Company C
Jack Black,53,Female,Company D
John Doe,68,Male,Company D
Jill White,69,Female,Company B
Jack Black,20,Male,Company D
Jack Black,47,Female,Company E
John Doe,45,Female,Company H
Jack Black,36,Female,Company J
Jill White,28,Female,Company B
Jack Black,35,Female,Company B
Jim Brown,52,Male,Company J
John Doe,60,Male,Company F
Jack Black,20,Male,Company I
Jim Brown,57,Female,Company D
Jack Black,58,Male,Company H
John Doe,56,Male,Company H
Jane Smith,28,Female,Company D
Jane Smith,64,Female,Company F
Jim Brown,40,Male,Company B
Jim Brown,61,Female,Company B
Jane Smith,41,Male,Company F
Jill White,54,Female,Company G
John Doe,69,Male,Company F
John Doe,69,Male,Company F
Jane Smith,27,Female,Company A
Jack Black,48,Male,Company D
Jill White,56,Female,Company H
John Doe,34,Female,Company E
Jack Black,41,Female,Company J
Jill White,34,Female,Company D
Jane Smith,21,Female,Company H
Jack Black,35,Female,Company A
Jim Brown,46,Female,Company H
Jim Brown,35,Male,Company F
Jim Brown,46,Male,Company G
Jill White,38,Female,Company I
Jack Black,55,Female,Company A
Jill White,63,Female,Company H
Jill White,55,Male,Company G
Jim Brown,49,Female,Company C
John Doe,60,Female,Company D
Jim Brown,24,Female,Company F
John Doe,66,Male,Company D
John Doe,49,Male,Company C
John Doe,51,Female,Company E
Jack Black,29,Male,Company B
Jane Smith,35,Male,Company G
Jill White,61,Female,Company G
Jane Smith,57,Male,Company D
Jill White,20,Male,Company G
Jane Smith,54,Male,Company B
Jim Brown,39,Male,Company B
John Doe,44,Female,Company I
Jill White,26,Female,Company I
Jim Brown,31,Female,Company G
John Doe,31,Female,Company I
Jim Brown,46,Male,Company E
Jane Smith,66,Female,Company H
Jane Smith,34,Female,Company A
Jim Brown,31,Female,Company C
Jill White,65,Female,Company E
Jane Smith,42,Male,Company D
Jim Brown,63,Male,Company H
Jim Brown,24,Male,Company B
Jim Brown,46,Male,Company B
Jane Smith,55,Female,Company B
Jane Smith,36,Male,Company J
Jane Smith,22,Female,Company C
Jim Brown,37,Female,Company C
John Doe,65,Female,Company J
John Doe,53,Female,Company E
Jane Smith,30,Female,Company I
Jane Smith,61,Female,Company D
John Doe,26,Female,Company A
Jill White,49,Female,Company C
John Doe,66,Female,Company B
Jill White,27,Female,Company D
Jane Smith,37,Male,Company G
Jim Brown,53,Female,Company F
Jane Smith,52,Male,Company D
John Doe,25,Female,Company H
Jill White,36,Female,Company B
Jim Brown,32,Female,Company B
Jill White,54,Male,Company E
Jim Brown,44,Female,Company F
Jim Brown,32,Female,Company B
Jill White,38,Female,Company D
Jack Black,60,Male,Company B
John Doe,23,Female,Company D
Jim Brown,67,Male,Company A
Jack Black,66,Male,Company H
Jill White,44,Female,Company G
Jane Smith,67,Male,Company J
Jack Black,50,Male,Company H
Jill White,24,Male,Company H
Jane Smith,66,Female,Company J
Jim Brown,28,Male,Company A
Jane Smith,40,Female,Company H
Jane Smith,52,Male,Company J
John Doe,47,Female,Company A
Jill White,62,Male,Company C
John Doe,67,Female,Company C
Jill White,21,Female,Company C
Jack Black,52,Male,Company J
Jim Brown,39,Male,Company A
Jill White,61,Female,Company E
John Doe,52,Male,Company J
John Doe,44,Female,Company G
Jane Smith,21,Male,Company D
John Doe,27,Male,Company D
Jill White,28,Female,Company G
John Doe,55,Female,Company G
Jane Smith,38,Female,Company F
Jill White,39,Female,Company H
Jack Black,60,Male,Company E
John Doe,37,Male,Company J
Jane Smith,69,Male,Company A
Jill White,45,Female,Company I
Jill White,64,Male,Company F
Jack Black,37,Male,Company D
Jill White,22,Male,Company C
Jill White,32,Female,Company H
Jill White,68,Male,Company B
Jane Smith,44,Female,Company B
Jane Smith,69,Female,Company A
Jane Smith,34,Male,Company J
Jill White,29,Female,Company E
Jack Black,56,Female,Company A
Jill White,36,Male,Company F
Jim Brown,56,Male,Company G
Jill White,66,Male,Company J
John Doe,58,Female,Company C
Jim Brown,21,Male,Company F
Jane Smith,29,Male,Company D
Jim Brown,56,Male,Company B
Jane Smith,39,Male,Company I
Jack Black,60,Female,Company F
John Doe,44,Male,Company D
John Doe,54,Male,Company D
Jim Brown,46,Male,Company I
Jack Black,42,Female,Company H
Jack Black,51,Male,Company H
Jane Smith,70,Female,Company D
Jill White,55,Female,Company I
John Doe,27,Female,Company B
Jack Black,61,Female,Company G
Jane Smith,22,Male,Company A
Jane Smith,24,Female,Company G
Jim Brown,62,Male,Company J
Jim Brown,22,Male,Company G
Jane Smith,31,Female,Company J
Jim Brown,52,Male,Company J
Jack Black,56,Male,Company G
Jill White,39,Female,Company C
Jim Brown,51,Male,Company H
Jim Brown,38,Female,Company B
Jill White,66,Male,Company H
Jim Brown,30,Male,Company E
Jim Brown,35,Female,Company C
Jim Brown,41,Female,Company C
John Doe,70,Female,Company E
Jill White,22,Female,Company B
Jill White,41,Female,Company J
Jill White,33,Female,Company B
Jane Smith,30,Female,Company E
Jill White,55,Male,Company E
Jill White,31,Male,Company E
Jane Smith,42,Female,Company A
Jane Smith,20,Male,Company J
John Doe,65,Female,Company J
Jane Smith,43,Female,Company G
Jim Brown,45,Female,Company A
Jane Smith,25,Male,Company D
John Doe,50,Female,Company H
Jill White,39,Male,Company F
John Doe,57,Male,Company E
John Doe,38,Female,Company I
Jane Smith,43,Male,Company E
John Doe,62,Male,Company F
John Doe,32,Female,Company E
Jill White,58,Female,Company D
Jim Brown,55,Female,Company I
Jim Brown,37,Female,Company G
Jill White,27,Male,Company H
Jane Smith,24,Female,Company H
Jane Smith,26,Female,Company C
Jill White,41,Female,Company I
Jim Brown,35,Female,Company E
Jack Black,48,Male,Company A
Jack Black,55,Male,Company D
Jim Brown,20,Female,Company B
Jim Brown,66,Female,Company C
Jim Brown,66,Female,Company E
Jim Brown,68,Female,Company C
Jim Brown,40,Female,Company B
Jim Brown,69,Male,Company E
Jim Brown,44,Male,Company F
Jack Black,31,Female,Company F
Jack Black,54,Male,Company G
Jill White,31,Female,Company B
Jill White,39,Male,Company B
Jane Smith,29,Female,Company A
Jack Black,59,Female,Company E
Jim Brown,20,Female,Company B
Jane Smith,56,Female,Company I
Jane Smith,30,Female,Company C
Jane Smith,59,Male,Company F
Jill White,48,Female,Company A
Jane Smith,47,Male,Company E
Jack Black,55,Female,Company B
Jim Brown,68,Male,Company C
Jill White,52,Female,Company E
John Doe,27,Male,Company D
Jack Black,70,Female,Company G
Jane Smith,48,Female,Company C
Jane Smith,55,Male,Company I
Jack Black,25,Male,Company J
Jack Black,39,Male,Company I
John Doe,33,Male,Company D
Jack Black,26,Female,Company G
Jim Brown,29,Male,Company B
John Doe,56,Female,Company H
Jill White,46,Male,Company I
John Doe,70,Female,Company E
Jack Black,33,Male,Company C
Jack Black,46,Male,Company G
Jack Black,59,Female,Company A
Jane Smith,23,Female,Company J
Jill White,33,Male,Company C
Jack Black,49,Male,Company H
Jack Black,51,Male,Company H
John Doe,42,Female,Company F
Jim Brown,35,Male,Company B
John Doe,51,Male,Company J
John Doe,57,Male,Company I
Jane Smith,45,Female,Company J
Jill White,63,Female,Company B
John Doe,55,Female,Company A
Jill White,70,Male,Company J
John Doe,70,Female,Company E
Jane Smith,24,Male,Company G
John Doe,62,Female,Company I
Jill White,67,Male,Company B
Jim Brown,52,Female,Company B
Jim Brown,30,Female,Company D
Jack Black,50,Male,Company C
Jane Smith,26,Male,Company D
Jim Brown,36,Male,Company C
John Doe,38,Female,Company G
Jack Black,51,Male,Company F
Jim Brown,38,Male,Company A
John Doe,65,Female,Company A
Jack Black,46,Male,Company I
John Doe,56,Female,Company H
Jack Black,46,Male,Company B
Jane Smith,38,Male,Company F
Jane Smith,33,Female,Company B
Jim Brown,65,Female,Company F
Jill White,28,Female,Company I
Jill White,61,Female,Company A
Jack Black,56,Male,Company I
John Doe,69,Female,Company D
Jill White,50,Female,Company B
Jill White,43,Female,Company H
Jane Smith,53,Male,Company I
John Doe,66,Female,Company F
Jane Smith,54,Male,Company C
John Doe,65,Male,Company H
Jack Black,61,Female,Company B
John Doe,44,Female,Company F
John Doe,38,Female,Company I
John Doe,32,Female,Company I
Jack Black,35,Male,Company I
Jill White,46,Male,Company C
Jack Black,35,Female,Company B
Jack Black,53,Female,Company F
Jim Brown,51,Male,Company B
Jane Smith,42,Male,Company I
Jill White,52,Male,Company B
Jill White,31,Male,Company G
Jim Brown,43,Female,Company A
Jane Smith,48,Female,Company G
Jane Smith,47,Female,Company D
John Doe,31,Male,Company B
Jill White,70,Female,Company D
Jack Black,67,Male,Company D
Jack Black,45,Female,Company D
John Doe,39,Female,Company H
John Doe,51,Male,Company H
John Doe,28,Male,Company H
Jill White,53,Male,Company I
Jim Brown,26,Male,Company E
Jack Black,65,Female,Company H
Jill White,26,Male,Company I
Jane Smith,58,Female,Company C
Jim Brown,34,Male,Company G
John Doe,66,Female,Company H
Jim Brown,38,Male,Company E
John Doe,24,Male,Company I
Jane Smith,45,Male,Company F
John Doe,27,Male,Company E
Jane Smith,35,Female,Company D
Jill White,68,Female,Company F
Jim Brown,63,Female,Company A
Jim Brown,50,Female,Company E
Jim Brown,56,Female,Company F
Jack Black,35,Male,Company H
Jim Brown,49,Male,Company D
Jim Brown,46,Female,Company D
Jane Smith,44,Male,Company C
Jill White,39,Male,Company B
Jill White,39,Female,Company H
Jim Brown,30,Female,Company I
John Doe,62,Female,Company J
Jack Black,50,Male,Company C
Jim Brown,60,Male,Company J
Jane Smith,22,Female,Company B
Jack Black,59,Male,Company E
John Doe,57,Female,Company F
Jane Smith,55,Male,Company I
Jim Brown,66,Female,Company I
Jill White,60,Male,Company J
Jim Brown,28,Male,Company I
Jill White,27,Female,Company G
Jack Black,64,Female,Company D
Jill White,21,Female,Company J
John Doe,57,Male,Company C
Jack Black,55,Female,Company F
John Doe,67,Male,Company C
Jane Smith,35,Female,Company B
John Doe,63,Male,Company J
Jim Brown,36,Male,Company C
Jane Smith,33,Male,Company C
John Doe,23,Male,Company C
Jill White,41,Male,Company C
Jim Brown,43,Male,Company B
Jim Brown,49,Female,Company D
Jack Black,56,Female,Company A
Jack Black,29,Male,Company D
Jill White,22,Male,Company D
Jane Smith,28,Male,Company J
Jill White,26,Female,Company G
Jill White,63,Male,Company A
Jim Brown,60,Female,Company D
Jill White,41,Male,Company I
Jill White,63,Male,Company A
Jack Black,41,Male,Company B
Jill White,66,Male,Company G
Jill White,45,Female,Company C
Jane Smith,27,Female,Company H
Jack Black,23,Female,Company J
Jack Black,33,Female,Company G
John Doe,63,Male,Company A
Jack Black,22,Female,Company A
John Doe,32,Female,Company A
Jane Smith,31,Female,Company A
Jim Brown,61,Male,Company A
Jill White,64,Female,Company G
Jack Black,38,Female,Company E
Jim Brown,28,Female,Company F
Jane Smith,56,Male,Company I
Jack Black,24,Female,Company A
John Doe,36,Female,Company E
Jill White,41,Female,Company B
Jane Smith,54,Female,Company J
Jim Brown,47,Male,Company C
John Doe,36,Female,Company D
Jill White,51,Female,Company G
Jane Smith,37,Male,Company B
Jim Brown,57,Male,Company F
Jack Black,57,Male,Company D
Jill White,23,Female,Company I
Jane Smith,38,Female,Company A
Jill White,61,Female,Company B
Jack Black,45,Male,Company C
Jack Black,28,Female,Company F
Jane Smith,66,Male,Company A
Jim Brown,47,Male,Company C
Jack Black,70,Female,Company C
Jim Brown,21,Female,Company B
Jack Black,70,Female,Company E
Jane Smith,48,Male,Company H
Jack Black,40,Female,Company J
John Doe,25,Female,Company D
John Doe,27,Male,Company B
Jill White,60,Male,Company F
Jack Black,43,Male,Company I
Jack Black,44,Female,Company C
Jim Brown,41,Male,Company G
John Doe,24,Male,Company I
Jack Black,31,Male,Company A
Jim Brown,35,Female,Company J
John Doe,44,Female,Company E
Jim Brown,40,Male,Company G
John Doe,22,Female,Company H
Jim Brown,69,Male,Company J
Jane Smith,49,Female,Company C
John Doe,24,Male,Company E
Jack Black,55,Female,Company G
Jane Smith,38,Male,Company J
John Doe,42,Male,Company E
John Doe,34,Male,Company E
Jim Brown,23,Female,Company I
Jim Brown,37,Male,Company H
Jill White,24,Female,Company H
Jane Smith,32,Female,Company B
Jack Black,55,Male,Company H
Jill White,54,Female,Company H
Jim Brown,59,Male,Company D
Jack Black,52,Female,Company I
Jane Smith,39,Female,Company J
Jane Smith,56,Male,Company J
Jane Smith,54,Male,Company J
Jim Brown,28,Female,Company H
John Doe,41,Male,Company F
Jane Smith,20,Female,Company B
Jim Brown,49,Female,Company H
Jack Black,55,Male,Company D
Jim Brown,24,Male,Company H
Jim Brown,26,Female,Company G
Jill White,57,Female,Company E
Jim Brown,21,Female,Company H
Jane Smith,70,Female,Company C
Jill White,70,Female,Company D
Jill White,59,Female,Company F
John Doe,20,Male,Company I
Jim Brown,33,Female,Company D
Jane Smith,68,Male,Company J
Jill White,20,Male,Company H
Jill White,35,Male,Company B
